MESES,24,36,48,60
Tasa Nominal Anual,41.00%,41.00%,41.00%,41.00%
CAT,49.65%,49.65%,49.65%,49.65%
Monto Solicitado,Pago,Pago,Pago,Pago
"$3,000",$196.02,$157.86,$140.68,$131.69
"$3,500",$228.69,$184.17,$164.12,$153.63
"$4,000",$261.36,$210.47,$187.57,$175.58
"$4,500",$294.03,$236.78,$211.01,$197.53
"$5,000",$326.70,$263.09,$234.46,$219.48
"$5,500",$359.37,$289.40,$257.91,$241.42
"$6,000",$392.05,$315.71,$281.35,$263.37
"$6,500",$424.72,$342.02,$304.80,$285.32
"$7,000",$457.39,$368.33,$328.24,$307.27
"$7,500",$490.06,$394.64,$351.69,$329.21
"$8,000",$522.73,$420.95,$375.13,$351.16
"$8,500",$555.40,$447.26,$398.58,$373.11
"$9,000",$588.07,$473.57,$422.03,$395.06
"$9,500",$620.74,$499.88,$445.47,$417.00
"$10,000",$653.41,$526.19,$468.92,$438.95
"$10,500",$686.08,$552.50,$492.36,$460.90
"$11,000",$718.75,$578.81,$515.81,$482.85
"$11,500",$751.42,$605.11,$539.26,$504.80
"$12,000",$784.09,$631.42,$562.70,$526.74
"$12,500",$816.76,$657.73,$586.15,$548.69
"$13,000",$849.43,$684.04,$609.59,$570.64
"$13,500",$882.10,$710.35,$633.04,$592.59
"$14,000",$914.77,$736.66,$656.49,$614.53
"$14,500",$947.44,$762.97,$679.93,$636.48
"$15,000",$980.11,$789.28,$703.38,$658.43
"$15,500","$1,012.78",$815.59,$726.82,$680.38
"$16,000","$1,045.45",$841.90,$750.27,$702.32
"$16,500","$1,078.12",$868.21,$773.72,$724.27
"$17,000","$1,110.79",$894.52,$797.16,$746.22
"$17,500","$1,143.46",$920.83,$820.61,$768.17
"$18,000","$1,176.14",$947.14,$844.05,$790.11
"$18,500","$1,208.81",$973.45,$867.50,$812.06
"$19,000","$1,241.48",$999.75,$890.95,$834.01
"$19,500","$1,274.15","$1,026.06",$914.39,$855.96
"$20,000","$1,306.82","$1,052.37",$937.84,$877.91
"$20,500","$1,339.49","$1,078.68",$961.28,$899.85
"$21,000","$1,372.16","$1,104.99",$984.73,$921.80
"$21,500","$1,404.83","$1,131.30","$1,008.17",$943.75
"$22,000","$1,437.50","$1,157.61","$1,031.62",$965.70
"$22,500","$1,470.17","$1,183.92","$1,055.07",$987.64
"$23,000","$1,502.84","$1,210.23","$1,078.51","$1,009.59"
"$23,500","$1,535.51","$1,236.54","$1,101.96","$1,031.54"
"$24,000","$1,568.18","$1,262.85","$1,125.40","$1,053.49"
"$24,500","$1,600.85","$1,289.16","$1,148.85","$1,075.43"
"$25,000","$1,633.52","$1,315.47","$1,172.30","$1,097.38"
"$25,500","$1,666.19","$1,341.78","$1,195.74","$1,119.33"
"$26,000","$1,698.86","$1,368.09","$1,219.19","$1,141.28"
"$26,500","$1,731.53","$1,394.39","$1,242.63","$1,163.22"
"$27,000","$1,764.20","$1,420.70","$1,266.08","$1,185.17"
"$27,500","$1,796.87","$1,447.01","$1,289.53","$1,207.12"
"$28,000","$1,829.54","$1,473.32","$1,312.97","$1,229.07"
"$28,500","$1,862.21","$1,499.63","$1,336.42","$1,251.01"
"$29,000","$1,894.88","$1,525.94","$1,359.86","$1,272.96"
"$29,500","$1,927.55","$1,552.25","$1,383.31","$1,294.91"
"$30,000","$1,960.23","$1,578.56","$1,406.76","$1,316.86"
"$30,500","$1,992.90","$1,604.87","$1,430.20","$1,338.81"
"$31,000","$2,025.57","$1,631.18","$1,453.65","$1,360.75"
"$31,500","$2,058.24","$1,657.49","$1,477.09","$1,382.70"
"$32,000","$2,090.91","$1,683.80","$1,500.54","$1,404.65"
"$32,500","$2,123.58","$1,710.11","$1,523.99","$1,426.60"
"$33,000","$2,156.25","$1,736.42","$1,547.43","$1,448.54"
"$33,500","$2,188.92","$1,762.72","$1,570.88","$1,470.49"
"$34,000","$2,221.59","$1,789.03","$1,594.32","$1,492.44"
"$34,500","$2,254.26","$1,815.34","$1,617.77","$1,514.39"
"$35,000","$2,286.93","$1,841.65","$1,641.21","$1,536.33"
"$35,500","$2,319.60","$1,867.96","$1,664.66","$1,558.28"
"$36,000","$2,352.27","$1,894.27","$1,688.11","$1,580.23"
"$36,500","$2,384.94","$1,920.58","$1,711.55","$1,602.18"
"$37,000","$2,417.61","$1,946.89","$1,735.00","$1,624.12"
"$37,500","$2,450.28","$1,973.20","$1,758.44","$1,646.07"
"$38,000","$2,482.95","$1,999.51","$1,781.89","$1,668.02"
"$38,500","$2,515.62","$2,025.82","$1,805.34","$1,689.97"
"$39,000","$2,548.29","$2,052.13","$1,828.78","$1,711.92"
"$39,500","$2,580.96","$2,078.44","$1,852.23","$1,733.86"
"$40,000","$2,613.63","$2,104.75","$1,875.67","$1,755.81"
"$40,500","$2,646.30","$2,131.06","$1,899.12","$1,777.76"
"$41,000","$2,678.97","$2,157.36","$1,922.57","$1,799.71"
"$41,500","$2,711.65","$2,183.67","$1,946.01","$1,821.65"
"$42,000","$2,744.32","$2,209.98","$1,969.46","$1,843.60"
"$42,500","$2,776.99","$2,236.29","$1,992.90","$1,865.55"
"$43,000","$2,809.66","$2,262.60","$2,016.35","$1,887.50"
"$43,500","$2,842.33","$2,288.91","$2,039.80","$1,909.44"
"$44,000","$2,875.00","$2,315.22","$2,063.24","$1,931.39"
"$44,500","$2,907.67","$2,341.53","$2,086.69","$1,953.34"
"$45,000","$2,940.34","$2,367.84","$2,110.13","$1,975.29"
"$45,500","$2,973.01","$2,394.15","$2,133.58","$1,997.23"
"$46,000","$3,005.68","$2,420.46","$2,157.03","$2,019.18"
"$46,500","$3,038.35","$2,446.77","$2,180.47","$2,041.13"
"$47,000","$3,071.02","$2,473.08","$2,203.92","$2,063.08"
"$47,500","$3,103.69","$2,499.39","$2,227.36","$2,085.02"
"$48,000","$3,136.36","$2,525.70","$2,250.81","$2,106.97"
"$48,500","$3,169.03","$2,552.00","$2,274.25","$2,128.92"
"$49,000","$3,201.70","$2,578.31","$2,297.70","$2,150.87"
"$49,500","$3,234.37","$2,604.62","$2,321.15","$2,172.82"
"$50,000","$3,267.04","$2,630.93","$2,344.59","$2,194.76"
"$50,500","$3,299.71","$2,657.24","$2,368.04","$2,216.71"
"$51,000","$3,332.38","$2,683.55","$2,391.48","$2,238.66"
"$51,500","$3,365.05","$2,709.86","$2,414.93","$2,260.61"
"$52,000","$3,397.72","$2,736.17","$2,438.38","$2,282.55"
"$52,500","$3,430.39","$2,762.48","$2,461.82","$2,304.50"
"$53,000","$3,463.06","$2,788.79","$2,485.27","$2,326.45"
"$53,500","$3,495.74","$2,815.10","$2,508.71","$2,348.40"
"$54,000","$3,528.41","$2,841.41","$2,532.16","$2,370.34"
"$54,500","$3,561.08","$2,867.72","$2,555.61","$2,392.29"
"$55,000","$3,593.75","$2,894.03","$2,579.05","$2,414.24"
"$55,500","$3,626.42","$2,920.34","$2,602.50","$2,436.19"
"$56,000","$3,659.09","$2,946.64","$2,625.94","$2,458.13"
"$56,500","$3,691.76","$2,972.95","$2,649.39","$2,480.08"
"$57,000","$3,724.43","$2,999.26","$2,672.84","$2,502.03"
"$57,500","$3,757.10","$3,025.57","$2,696.28","$2,523.98"
"$58,000","$3,789.77","$3,051.88","$2,719.73","$2,545.93"
"$58,500","$3,822.44","$3,078.19","$2,743.17","$2,567.87"
"$59,000","$3,855.11","$3,104.50","$2,766.62","$2,589.82"
"$59,500","$3,887.78","$3,130.81","$2,790.07","$2,611.77"
"$60,000","$3,920.45","$3,157.12","$2,813.51","$2,633.72"
"$60,500","$3,953.12","$3,183.43","$2,836.96","$2,655.66"
"$61,000","$3,985.79","$3,209.74","$2,860.40","$2,677.61"
"$61,500","$4,018.46","$3,236.05","$2,883.85","$2,699.56"
"$62,000","$4,051.13","$3,262.36","$2,907.29","$2,721.51"
"$62,500","$4,083.80","$3,288.67","$2,930.74","$2,743.45"
"$63,000","$4,116.47","$3,314.98","$2,954.19","$2,765.40"
"$63,500","$4,149.14","$3,341.28","$2,977.63","$2,787.35"
"$64,000","$4,181.81","$3,367.59","$3,001.08","$2,809.30"
"$64,500","$4,214.48","$3,393.90","$3,024.52","$2,831.24"
"$65,000","$4,247.15","$3,420.21","$3,047.97","$2,853.19"
"$65,500","$4,279.83","$3,446.52","$3,071.42","$2,875.14"
"$66,000","$4,312.50","$3,472.83","$3,094.86","$2,897.09"
"$66,500","$4,345.17","$3,499.14","$3,118.31","$2,919.03"
"$67,000","$4,377.84","$3,525.45","$3,141.75","$2,940.98"
"$67,500","$4,410.51","$3,551.76","$3,165.20","$2,962.93"
"$68,000","$4,443.18","$3,578.07","$3,188.65","$2,984.88"
"$68,500","$4,475.85","$3,604.38","$3,212.09","$3,006.83"
"$69,000","$4,508.52","$3,630.69","$3,235.54","$3,028.77"
"$69,500","$4,541.19","$3,657.00","$3,258.98","$3,050.72"
"$70,000","$4,573.86","$3,683.31","$3,282.43","$3,072.67"
"$70,500","$4,606.53","$3,709.62","$3,305.88","$3,094.62"
"$71,000","$4,639.20","$3,735.92","$3,329.32","$3,116.56"
"$71,500","$4,671.87","$3,762.23","$3,352.77","$3,138.51"
"$72,000","$4,704.54","$3,788.54","$3,376.21","$3,160.46"
"$72,500","$4,737.21","$3,814.85","$3,399.66","$3,182.41"
"$73,000","$4,769.88","$3,841.16","$3,423.11","$3,204.35"
"$73,500","$4,802.55","$3,867.47","$3,446.55","$3,226.30"
"$74,000","$4,835.22","$3,893.78","$3,470.00","$3,248.25"
"$74,500","$4,867.89","$3,920.09","$3,493.44","$3,270.20"
"$75,000","$4,900.56","$3,946.40","$3,516.89","$3,292.14"
"$75,500","$4,933.23","$3,972.71","$3,540.33","$3,314.09"
"$76,000","$4,965.90","$3,999.02","$3,563.78","$3,336.04"
"$76,500","$4,998.57","$4,025.33","$3,587.23","$3,357.99"
"$77,000","$5,031.25","$4,051.64","$3,610.67","$3,379.93"
"$77,500","$5,063.92","$4,077.95","$3,634.12","$3,401.88"
"$78,000","$5,096.59","$4,104.26","$3,657.56","$3,423.83"
"$78,500","$5,129.26","$4,130.56","$3,681.01","$3,445.78"
"$79,000","$5,161.93","$4,156.87","$3,704.46","$3,467.73"
"$79,500","$5,194.60","$4,183.18","$3,727.90","$3,489.67"
"$80,000","$5,227.27","$4,209.49","$3,751.35","$3,511.62"
"$80,500","$5,259.94","$4,235.80","$3,774.79","$3,533.57"
"$81,000","$5,292.61","$4,262.11","$3,798.24","$3,555.52"
"$81,500","$5,325.28","$4,288.42","$3,821.69","$3,577.46"
"$82,000","$5,357.95","$4,314.73","$3,845.13","$3,599.41"
"$82,500","$5,390.62","$4,341.04","$3,868.58","$3,621.36"
"$83,000","$5,423.29","$4,367.35","$3,892.02","$3,643.31"
"$83,500","$5,455.96","$4,393.66","$3,915.47","$3,665.25"
"$84,000","$5,488.63","$4,419.97","$3,938.92","$3,687.20"
"$84,500","$5,521.30","$4,446.28","$3,962.36","$3,709.15"
"$85,000","$5,553.97","$4,472.59","$3,985.81","$3,731.10"
"$85,500","$5,586.64","$4,498.89","$4,009.25","$3,753.04"
"$86,000","$5,619.31","$4,525.20","$4,032.70","$3,774.99"
"$86,500","$5,651.98","$4,551.51","$4,056.15","$3,796.94"
"$87,000","$5,684.65","$4,577.82","$4,079.59","$3,818.89"
"$87,500","$5,717.32","$4,604.13","$4,103.04","$3,840.84"
"$88,000","$5,749.99","$4,630.44","$4,126.48","$3,862.78"
"$88,500","$5,782.66","$4,656.75","$4,149.93","$3,884.73"
"$89,000","$5,815.34","$4,683.06","$4,173.37","$3,906.68"
"$89,500","$5,848.01","$4,709.37","$4,196.82","$3,928.63"
"$90,000","$5,880.68","$4,735.68","$4,220.27","$3,950.57"
"$90,500","$5,913.35","$4,761.99","$4,243.71","$3,972.52"
"$91,000","$5,946.02","$4,788.30","$4,267.16","$3,994.47"
"$91,500","$5,978.69","$4,814.61","$4,290.60","$4,016.42"
"$92,000","$6,011.36","$4,840.92","$4,314.05","$4,038.36"
"$92,500","$6,044.03","$4,867.23","$4,337.50","$4,060.31"
"$93,000","$6,076.70","$4,893.53","$4,360.94","$4,082.26"
"$93,500","$6,109.37","$4,919.84","$4,384.39","$4,104.21"
"$94,000","$6,142.04","$4,946.15","$4,407.83","$4,126.15"
"$94,500","$6,174.71","$4,972.46","$4,431.28","$4,148.10"
"$95,000","$6,207.38","$4,998.77","$4,454.73","$4,170.05"
"$95,500","$6,240.05","$5,025.08","$4,478.17","$4,192.00"
"$96,000","$6,272.72","$5,051.39","$4,501.62","$4,213.94"
"$96,500","$6,305.39","$5,077.70","$4,525.06","$4,235.89"
"$97,000","$6,338.06","$5,104.01","$4,548.51","$4,257.84"
"$97,500","$6,370.73","$5,130.32","$4,571.96","$4,279.79"
"$98,000","$6,403.40","$5,156.63","$4,595.40","$4,301.74"
"$98,500","$6,436.07","$5,182.94","$4,618.85","$4,323.68"
"$99,000","$6,468.74","$5,209.25","$4,642.29","$4,345.63"
"$99,500","$6,501.41","$5,235.56","$4,665.74","$4,367.58"
"$100,000","$6,534.08","$5,261.87","$4,689.19","$4,389.53"
"$100,500","$6,566.76","$5,288.17","$4,712.63","$4,411.47"
"$101,000","$6,599.43","$5,314.48","$4,736.08","$4,433.42"
"$101,500","$6,632.10","$5,340.79","$4,759.52","$4,455.37"
"$102,000","$6,664.77","$5,367.10","$4,782.97","$4,477.32"
"$102,500","$6,697.44","$5,393.41","$4,806.41","$4,499.26"
"$103,000","$6,730.11","$5,419.72","$4,829.86","$4,521.21"
"$103,500","$6,762.78","$5,446.03","$4,853.31","$4,543.16"
"$104,000","$6,795.45","$5,472.34","$4,876.75","$4,565.11"
"$104,500","$6,828.12","$5,498.65","$4,900.20","$4,587.05"
"$105,000","$6,860.79","$5,524.96","$4,923.64","$4,609.00"
"$105,500","$6,893.46","$5,551.27","$4,947.09","$4,630.95"
"$106,000","$6,926.13","$5,577.58","$4,970.54","$4,652.90"
"$106,500","$6,958.80","$5,603.89","$4,993.98","$4,674.85"
"$107,000","$6,991.47","$5,630.20","$5,017.43","$4,696.79"
"$107,500","$7,024.14","$5,656.51","$5,040.87","$4,718.74"
"$108,000","$7,056.81","$5,682.81","$5,064.32","$4,740.69"
"$108,500","$7,089.48","$5,709.12","$5,087.77","$4,762.64"
"$109,000","$7,122.15","$5,735.43","$5,111.21","$4,784.58"
"$109,500","$7,154.82","$5,761.74","$5,134.66","$4,806.53"
"$110,000","$7,187.49","$5,788.05","$5,158.10","$4,828.48"
"$110,500","$7,220.16","$5,814.36","$5,181.55","$4,850.43"
"$111,000","$7,252.83","$5,840.67","$5,205.00","$4,872.37"
"$111,500","$7,285.50","$5,866.98","$5,228.44","$4,894.32"
"$112,000","$7,318.17","$5,893.29","$5,251.89","$4,916.27"
"$112,500","$7,350.85","$5,919.60","$5,275.33","$4,938.22"
"$113,000","$7,383.52","$5,945.91","$5,298.78","$4,960.16"
"$113,500","$7,416.19","$5,972.22","$5,322.23","$4,982.11"
"$114,000","$7,448.86","$5,998.53","$5,345.67","$5,004.06"
"$114,500","$7,481.53","$6,024.84","$5,369.12","$5,026.01"
"$115,000","$7,514.20","$6,051.15","$5,392.56","$5,047.95"
"$115,500","$7,546.87","$6,077.45","$5,416.01","$5,069.90"
"$116,000","$7,579.54","$6,103.76","$5,439.45","$5,091.85"
"$116,500","$7,612.21","$6,130.07","$5,462.90","$5,113.80"
"$117,000","$7,644.88","$6,156.38","$5,486.35","$5,135.75"
"$117,500","$7,677.55","$6,182.69","$5,509.79","$5,157.69"
"$118,000","$7,710.22","$6,209.00","$5,533.24","$5,179.64"
"$118,500","$7,742.89","$6,235.31","$5,556.68","$5,201.59"
"$119,000","$7,775.56","$6,261.62","$5,580.13","$5,223.54"
"$119,500","$7,808.23","$6,287.93","$5,603.58","$5,245.48"
"$120,000","$7,840.90","$6,314.24","$5,627.02","$5,267.43"
"$120,500","$7,873.57","$6,340.55","$5,650.47","$5,289.38"
"$121,000","$7,906.24","$6,366.86","$5,673.91","$5,311.33"
"$121,500","$7,938.91","$6,393.17","$5,697.36","$5,333.27"
"$122,000","$7,971.58","$6,419.48","$5,720.81","$5,355.22"
"$122,500","$8,004.25","$6,445.79","$5,744.25","$5,377.17"
"$123,000","$8,036.92","$6,472.09","$5,767.70","$5,399.12"
"$123,500","$8,069.59","$6,498.40","$5,791.14","$5,421.06"
"$124,000","$8,102.26","$6,524.71","$5,814.59","$5,443.01"
"$124,500","$8,134.94","$6,551.02","$5,838.04","$5,464.96"
"$125,000","$8,167.61","$6,577.33","$5,861.48","$5,486.91"
"$125,500","$8,200.28","$6,603.64","$5,884.93","$5,508.86"
"$126,000","$8,232.95","$6,629.95","$5,908.37","$5,530.80"
"$126,500","$8,265.62","$6,656.26","$5,931.82","$5,552.75"
"$127,000","$8,298.29","$6,682.57","$5,955.27","$5,574.70"
"$127,500","$8,330.96","$6,708.88","$5,978.71","$5,596.65"
"$128,000","$8,363.63","$6,735.19","$6,002.16","$5,618.59"
"$128,500","$8,396.30","$6,761.50","$6,025.60","$5,640.54"
"$129,000","$8,428.97","$6,787.81","$6,049.05","$5,662.49"
"$129,500","$8,461.64","$6,814.12","$6,072.49","$5,684.44"
"$130,000","$8,494.31","$6,840.43","$6,095.94","$5,706.38"
"$130,500","$8,526.98","$6,866.73","$6,119.39","$5,728.33"
"$131,000","$8,559.65","$6,893.04","$6,142.83","$5,750.28"
"$131,500","$8,592.32","$6,919.35","$6,166.28","$5,772.23"
"$132,000","$8,624.99","$6,945.66","$6,189.72","$5,794.17"
"$132,500","$8,657.66","$6,971.97","$6,213.17","$5,816.12"
"$133,000","$8,690.33","$6,998.28","$6,236.62","$5,838.07"
"$133,500","$8,723.00","$7,024.59","$6,260.06","$5,860.02"
"$134,000","$8,755.67","$7,050.90","$6,283.51","$5,881.96"
"$134,500","$8,788.34","$7,077.21","$6,306.95","$5,903.91"
"$135,000","$8,821.01","$7,103.52","$6,330.40","$5,925.86"
"$135,500","$8,853.68","$7,129.83","$6,353.85","$5,947.81"
"$136,000","$8,886.36","$7,156.14","$6,377.29","$5,969.76"
"$136,500","$8,919.03","$7,182.45","$6,400.74","$5,991.70"
"$137,000","$8,951.70","$7,208.76","$6,424.18","$6,013.65"
"$137,500","$8,984.37","$7,235.06","$6,447.63","$6,035.60"
"$138,000","$9,017.04","$7,261.37","$6,471.08","$6,057.55"
"$138,500","$9,049.71","$7,287.68","$6,494.52","$6,079.49"
"$139,000","$9,082.38","$7,313.99","$6,517.97","$6,101.44"
"$139,500","$9,115.05","$7,340.30","$6,541.41","$6,123.39"
"$140,000","$9,147.72","$7,366.61","$6,564.86","$6,145.34"
"$140,500","$9,180.39","$7,392.92","$6,588.31","$6,167.28"
"$141,000","$9,213.06","$7,419.23","$6,611.75","$6,189.23"
"$141,500","$9,245.73","$7,445.54","$6,635.20","$6,211.18"
"$142,000","$9,278.40","$7,471.85","$6,658.64","$6,233.13"
"$142,500","$9,311.07","$7,498.16","$6,682.09","$6,255.07"
"$143,000","$9,343.74","$7,524.47","$6,705.53","$6,277.02"
"$143,500","$9,376.41","$7,550.78","$6,728.98","$6,298.97"
"$144,000","$9,409.08","$7,577.09","$6,752.43","$6,320.92"
"$144,500","$9,441.75","$7,603.40","$6,775.87","$6,342.86"
"$145,000","$9,474.42","$7,629.70","$6,799.32","$6,364.81"
"$145,500","$9,507.09","$7,656.01","$6,822.76","$6,386.76"
"$146,000","$9,539.76","$7,682.32","$6,846.21","$6,408.71"
"$146,500","$9,572.43","$7,708.63","$6,869.66","$6,430.66"
"$147,000","$9,605.10","$7,734.94","$6,893.10","$6,452.60"
"$147,500","$9,637.77","$7,761.25","$6,916.55","$6,474.55"
"$148,000","$9,670.45","$7,787.56","$6,939.99","$6,496.50"
"$148,500","$9,703.12","$7,813.87","$6,963.44","$6,518.45"
"$149,000","$9,735.79","$7,840.18","$6,986.89","$6,540.39"
"$149,500","$9,768.46","$7,866.49","$7,010.33","$6,562.34"
"$150,000","$9,801.13","$7,892.80","$7,033.78","$6,584.29"
"$150,500","$9,833.80","$7,919.11","$7,057.22","$6,606.24"
"$151,000","$9,866.47","$7,945.42","$7,080.67","$6,628.18"
"$151,500","$9,899.14","$7,971.73","$7,104.12","$6,650.13"
"$152,000","$9,931.81","$7,998.04","$7,127.56","$6,672.08"
"$152,500","$9,964.48","$8,024.34","$7,151.01","$6,694.03"
"$153,000","$9,997.15","$8,050.65","$7,174.45","$6,715.97"
"$153,500","$10,029.82","$8,076.96","$7,197.90","$6,737.92"
"$154,000","$10,062.49","$8,103.27","$7,221.35","$6,759.87"
"$154,500","$10,095.16","$8,129.58","$7,244.79","$6,781.82"
"$155,000","$10,127.83","$8,155.89","$7,268.24","$6,803.77"
"$155,500","$10,160.50","$8,182.20","$7,291.68","$6,825.71"
"$156,000","$10,193.17","$8,208.51","$7,315.13","$6,847.66"
"$156,500","$10,225.84","$8,234.82","$7,338.57","$6,869.61"
"$157,000","$10,258.51","$8,261.13","$7,362.02","$6,891.56"
"$157,500","$10,291.18","$8,287.44","$7,385.47","$6,913.50"
"$158,000","$10,323.85","$8,313.75","$7,408.91","$6,935.45"
"$158,500","$10,356.52","$8,340.06","$7,432.36","$6,957.40"
"$159,000","$10,389.19","$8,366.37","$7,455.80","$6,979.35"
"$159,500","$10,421.86","$8,392.68","$7,479.25","$7,001.29"
"$160,000","$10,454.54","$8,418.98","$7,502.70","$7,023.24"
"$160,500","$10,487.21","$8,445.29","$7,526.14","$7,045.19"
"$161,000","$10,519.88","$8,471.60","$7,549.59","$7,067.14"
"$161,500","$10,552.55","$8,497.91","$7,573.03","$7,089.08"
"$162,000","$10,585.22","$8,524.22","$7,596.48","$7,111.03"
"$162,500","$10,617.89","$8,550.53","$7,619.93","$7,132.98"
"$163,000","$10,650.56","$8,576.84","$7,643.37","$7,154.93"
"$163,500","$10,683.23","$8,603.15","$7,666.82","$7,176.87"
"$164,000","$10,715.90","$8,629.46","$7,690.26","$7,198.82"
"$164,500","$10,748.57","$8,655.77","$7,713.71","$7,220.77"
"$165,000","$10,781.24","$8,682.08","$7,737.16","$7,242.72"
"$165,500","$10,813.91","$8,708.39","$7,760.60","$7,264.67"
"$166,000","$10,846.58","$8,734.70","$7,784.05","$7,286.61"
"$166,500","$10,879.25","$8,761.01","$7,807.49","$7,308.56"
"$167,000","$10,911.92","$8,787.32","$7,830.94","$7,330.51"
"$167,500","$10,944.59","$8,813.62","$7,854.39","$7,352.46"
"$168,000","$10,977.26","$8,839.93","$7,877.83","$7,374.40"
"$168,500","$11,009.93","$8,866.24","$7,901.28","$7,396.35"
"$169,000","$11,042.60","$8,892.55","$7,924.72","$7,418.30"
"$169,500","$11,075.27","$8,918.86","$7,948.17","$7,440.25"
"$170,000","$11,107.94","$8,945.17","$7,971.61","$7,462.19"
"$170,500","$11,140.61","$8,971.48","$7,995.06","$7,484.14"
"$171,000","$11,173.28","$8,997.79","$8,018.51","$7,506.09"
"$171,500","$11,205.96","$9,024.10","$8,041.95","$7,528.04"
"$172,000","$11,238.63","$9,050.41","$8,065.40","$7,549.98"
"$172,500","$11,271.30","$9,076.72","$8,088.84","$7,571.93"
"$173,000","$11,303.97","$9,103.03","$8,112.29","$7,593.88"
"$173,500","$11,336.64","$9,129.34","$8,135.74","$7,615.83"
"$174,000","$11,369.31","$9,155.65","$8,159.18","$7,637.78"
"$174,500","$11,401.98","$9,181.96","$8,182.63","$7,659.72"
"$175,000","$11,434.65","$9,208.26","$8,206.07","$7,681.67"
"$175,500","$11,467.32","$9,234.57","$8,229.52","$7,703.62"
"$176,000","$11,499.99","$9,260.88","$8,252.97","$7,725.57"
"$176,500","$11,532.66","$9,287.19","$8,276.41","$7,747.51"
"$177,000","$11,565.33","$9,313.50","$8,299.86","$7,769.46"
"$177,500","$11,598.00","$9,339.81","$8,323.30","$7,791.41"
"$178,000","$11,630.67","$9,366.12","$8,346.75","$7,813.36"
"$178,500","$11,663.34","$9,392.43","$8,370.20","$7,835.30"
"$179,000","$11,696.01","$9,418.74","$8,393.64","$7,857.25"
"$179,500","$11,728.68","$9,445.05","$8,417.09","$7,879.20"
"$180,000","$11,761.35","$9,471.36","$8,440.53","$7,901.15"
"$180,500","$11,794.02","$9,497.67","$8,463.98","$7,923.09"
"$181,000","$11,826.69","$9,523.98","$8,487.43","$7,945.04"
"$181,500","$11,859.36","$9,550.29","$8,510.87","$7,966.99"
"$182,000","$11,892.03","$9,576.60","$8,534.32","$7,988.94"
"$182,500","$11,924.70","$9,602.90","$8,557.76","$8,010.88"
"$183,000","$11,957.37","$9,629.21","$8,581.21","$8,032.83"
"$183,500","$11,990.05","$9,655.52","$8,604.65","$8,054.78"
"$184,000","$12,022.72","$9,681.83","$8,628.10","$8,076.73"
"$184,500","$12,055.39","$9,708.14","$8,651.55","$8,098.68"
"$185,000","$12,088.06","$9,734.45","$8,674.99","$8,120.62"
"$185,500","$12,120.73","$9,760.76","$8,698.44","$8,142.57"
"$186,000","$12,153.40","$9,787.07","$8,721.88","$8,164.52"
"$186,500","$12,186.07","$9,813.38","$8,745.33","$8,186.47"
"$187,000","$12,218.74","$9,839.69","$8,768.78","$8,208.41"
"$187,500","$12,251.41","$9,866.00","$8,792.22","$8,230.36"
"$188,000","$12,284.08","$9,892.31","$8,815.67","$8,252.31"
"$188,500","$12,316.75","$9,918.62","$8,839.11","$8,274.26"
"$189,000","$12,349.42","$9,944.93","$8,862.56","$8,296.20"
"$189,500","$12,382.09","$9,971.24","$8,886.01","$8,318.15"
"$190,000","$12,414.76","$9,997.54","$8,909.45","$8,340.10"
"$190,500","$12,447.43","$10,023.85","$8,932.90","$8,362.05"
"$191,000","$12,480.10","$10,050.16","$8,956.34","$8,383.99"
"$191,500","$12,512.77","$10,076.47","$8,979.79","$8,405.94"
"$192,000","$12,545.44","$10,102.78","$9,003.24","$8,427.89"
"$192,500","$12,578.11","$10,129.09","$9,026.68","$8,449.84"
"$193,000","$12,610.78","$10,155.40","$9,050.13","$8,471.78"
"$193,500","$12,643.45","$10,181.71","$9,073.57","$8,493.73"
"$194,000","$12,676.12","$10,208.02","$9,097.02","$8,515.68"
"$194,500","$12,708.79","$10,234.33","$9,120.47","$8,537.63"
"$195,000","$12,741.46","$10,260.64","$9,143.91","$8,559.58"
"$195,500","$12,774.14","$10,286.95","$9,167.36","$8,581.52"
"$196,000","$12,806.81","$10,313.26","$9,190.80","$8,603.47"
"$196,500","$12,839.48","$10,339.57","$9,214.25","$8,625.42"
"$197,000","$12,872.15","$10,365.87","$9,237.69","$8,647.37"
"$197,500","$12,904.82","$10,392.18","$9,261.14","$8,669.31"
"$198,000","$12,937.49","$10,418.49","$9,284.59","$8,691.26"
"$198,500","$12,970.16","$10,444.80","$9,308.03","$8,713.21"
"$199,000","$13,002.83","$10,471.11","$9,331.48","$8,735.16"
"$199,500","$13,035.50","$10,497.42","$9,354.92","$8,757.10"
"$200,000","$13,068.17","$10,523.73","$9,378.37","$8,779.05"
"$200,500","$13,100.84","$10,550.04","$9,401.82","$8,801.00"
"$201,000","$13,133.51","$10,576.35","$9,425.26","$8,822.95"
"$201,500","$13,166.18","$10,602.66","$9,448.71","$8,844.89"
"$202,000","$13,198.85","$10,628.97","$9,472.15","$8,866.84"
"$202,500","$13,231.52","$10,655.28","$9,495.60","$8,888.79"
"$203,000","$13,264.19","$10,681.59","$9,519.05","$8,910.74"
"$203,500","$13,296.86","$10,707.90","$9,542.49","$8,932.69"
"$204,000","$13,329.53","$10,734.21","$9,565.94","$8,954.63"
"$204,500","$13,362.20","$10,760.51","$9,589.38","$8,976.58"
"$205,000","$13,394.87","$10,786.82","$9,612.83","$8,998.53"
"$205,500","$13,427.54","$10,813.13","$9,636.28","$9,020.48"
"$206,000","$13,460.21","$10,839.44","$9,659.72","$9,042.42"
"$206,500","$13,492.88","$10,865.75","$9,683.17","$9,064.37"
"$207,000","$13,525.56","$10,892.06","$9,706.61","$9,086.32"
"$207,500","$13,558.23","$10,918.37","$9,730.06","$9,108.27"
"$208,000","$13,590.90","$10,944.68","$9,753.51","$9,130.21"
"$208,500","$13,623.57","$10,970.99","$9,776.95","$9,152.16"
"$209,000","$13,656.24","$10,997.30","$9,800.40","$9,174.11"
"$209,500","$13,688.91","$11,023.61","$9,823.84","$9,196.06"
"$210,000","$13,721.58","$11,049.92","$9,847.29","$9,218.00"
"$210,500","$13,754.25","$11,076.23","$9,870.73","$9,239.95"
"$211,000","$13,786.92","$11,102.54","$9,894.18","$9,261.90"
"$211,500","$13,819.59","$11,128.85","$9,917.63","$9,283.85"
"$212,000","$13,852.26","$11,155.15","$9,941.07","$9,305.79"
"$212,500","$13,884.93","$11,181.46","$9,964.52","$9,327.74"
"$213,000","$13,917.60","$11,207.77","$9,987.96","$9,349.69"
"$213,500","$13,950.27","$11,234.08","$10,011.41","$9,371.64"
"$214,000","$13,982.94","$11,260.39","$10,034.86","$9,393.59"
"$214,500","$14,015.61","$11,286.70","$10,058.30","$9,415.53"
"$215,000","$14,048.28","$11,313.01","$10,081.75","$9,437.48"
"$215,500","$14,080.95","$11,339.32","$10,105.19","$9,459.43"
"$216,000","$14,113.62","$11,365.63","$10,128.64","$9,481.38"
"$216,500","$14,146.29","$11,391.94","$10,152.09","$9,503.32"
"$217,000","$14,178.96","$11,418.25","$10,175.53","$9,525.27"
"$217,500","$14,211.63","$11,444.56","$10,198.98","$9,547.22"
"$218,000","$14,244.30","$11,470.87","$10,222.42","$9,569.17"
"$218,500","$14,276.97","$11,497.18","$10,245.87","$9,591.11"
"$219,000","$14,309.65","$11,523.49","$10,269.32","$9,613.06"
"$219,500","$14,342.32","$11,549.79","$10,292.76","$9,635.01"
"$220,000","$14,374.99","$11,576.10","$10,316.21","$9,656.96"
"$220,500","$14,407.66","$11,602.41","$10,339.65","$9,678.90"
"$221,000","$14,440.33","$11,628.72","$10,363.10","$9,700.85"
"$221,500","$14,473.00","$11,655.03","$10,386.55","$9,722.80"
"$222,000","$14,505.67","$11,681.34","$10,409.99","$9,744.75"
"$222,500","$14,538.34","$11,707.65","$10,433.44","$9,766.70"
"$223,000","$14,571.01","$11,733.96","$10,456.88","$9,788.64"
"$223,500","$14,603.68","$11,760.27","$10,480.33","$9,810.59"
"$224,000","$14,636.35","$11,786.58","$10,503.77","$9,832.54"
"$224,500","$14,669.02","$11,812.89","$10,527.22","$9,854.49"
"$225,000","$14,701.69","$11,839.20","$10,550.67","$9,876.43"
"$225,500","$14,734.36","$11,865.51","$10,574.11","$9,898.38"
"$226,000","$14,767.03","$11,891.82","$10,597.56","$9,920.33"
"$226,500","$14,799.70","$11,918.13","$10,621.00","$9,942.28"
"$227,000","$14,832.37","$11,944.43","$10,644.45","$9,964.22"
"$227,500","$14,865.04","$11,970.74","$10,667.90","$9,986.17"
"$228,000","$14,897.71","$11,997.05","$10,691.34","$10,008.12"
"$228,500","$14,930.38","$12,023.36","$10,714.79","$10,030.07"
"$229,000","$14,963.05","$12,049.67","$10,738.23","$10,052.01"
"$229,500","$14,995.72","$12,075.98","$10,761.68","$10,073.96"
"$230,000","$15,028.39","$12,102.29","$10,785.13","$10,095.91"
"$230,500","$15,061.06","$12,128.60","$10,808.57","$10,117.86"
"$231,000","$15,093.74","$12,154.91","$10,832.02","$10,139.80"
"$231,500","$15,126.41","$12,181.22","$10,855.46","$10,161.75"
"$232,000","$15,159.08","$12,207.53","$10,878.91","$10,183.70"
"$232,500","$15,191.75","$12,233.84","$10,902.36","$10,205.65"
"$233,000","$15,224.42","$12,260.15","$10,925.80","$10,227.60"
"$233,500","$15,257.09","$12,286.46","$10,949.25","$10,249.54"
"$234,000","$15,289.76","$12,312.77","$10,972.69","$10,271.49"
"$234,500","$15,322.43","$12,339.07","$10,996.14","$10,293.44"
"$235,000","$15,355.10","$12,365.38","$11,019.59","$10,315.39"
"$235,500","$15,387.77","$12,391.69","$11,043.03","$10,337.33"
"$236,000","$15,420.44","$12,418.00","$11,066.48","$10,359.28"
"$236,500","$15,453.11","$12,444.31","$11,089.92","$10,381.23"
"$237,000","$15,485.78","$12,470.62","$11,113.37","$10,403.18"
"$237,500","$15,518.45","$12,496.93","$11,136.81","$10,425.12"
"$238,000","$15,551.12","$12,523.24","$11,160.26","$10,447.07"
"$238,500","$15,583.79","$12,549.55","$11,183.71","$10,469.02"
"$239,000","$15,616.46","$12,575.86","$11,207.15","$10,490.97"
"$239,500","$15,649.13","$12,602.17","$11,230.60","$10,512.91"
"$240,000","$15,681.80","$12,628.48","$11,254.04","$10,534.86"
"$240,500","$15,714.47","$12,654.79","$11,277.49","$10,556.81"
"$241,000","$15,747.14","$12,681.10","$11,300.94","$10,578.76"
"$241,500","$15,779.81","$12,707.41","$11,324.38","$10,600.71"
"$242,000","$15,812.48","$12,733.71","$11,347.83","$10,622.65"
"$242,500","$15,845.16","$12,760.02","$11,371.27","$10,644.60"
"$243,000","$15,877.83","$12,786.33","$11,394.72","$10,666.55"
"$243,500","$15,910.50","$12,812.64","$11,418.17","$10,688.50"
"$244,000","$15,943.17","$12,838.95","$11,441.61","$10,710.44"
"$244,500","$15,975.84","$12,865.26","$11,465.06","$10,732.39"
"$245,000","$16,008.51","$12,891.57","$11,488.50","$10,754.34"
"$245,500","$16,041.18","$12,917.88","$11,511.95","$10,776.29"
"$246,000","$16,073.85","$12,944.19","$11,535.40","$10,798.23"
"$246,500","$16,106.52","$12,970.50","$11,558.84","$10,820.18"
"$247,000","$16,139.19","$12,996.81","$11,582.29","$10,842.13"
"$247,500","$16,171.86","$13,023.12","$11,605.73","$10,864.08"
"$248,000","$16,204.53","$13,049.43","$11,629.18","$10,886.02"
"$248,500","$16,237.20","$13,075.74","$11,652.63","$10,907.97"
"$249,000","$16,269.87","$13,102.04","$11,676.07","$10,929.92"
"$249,500","$16,302.54","$13,128.35","$11,699.52","$10,951.87"
"$250,000","$16,335.21","$13,154.66","$11,722.96","$10,973.81"
"$250,500","$16,367.88","$13,180.97","$11,746.41","$10,995.76"
"$251,000","$16,400.55","$13,207.28","$11,769.85","$11,017.71"
"$251,500","$16,433.22","$13,233.59","$11,793.30","$11,039.66"
"$252,000","$16,465.89","$13,259.90","$11,816.75","$11,061.61"
"$252,500","$16,498.56","$13,286.21","$11,840.19","$11,083.55"
"$253,000","$16,531.23","$13,312.52","$11,863.64","$11,105.50"
"$253,500","$16,563.90","$13,338.83","$11,887.08","$11,127.45"
"$254,000","$16,596.57","$13,365.14","$11,910.53","$11,149.40"
"$254,500","$16,629.25","$13,391.45","$11,933.98","$11,171.34"
"$255,000","$16,661.92","$13,417.76","$11,957.42","$11,193.29"
"$255,500","$16,694.59","$13,444.07","$11,980.87","$11,215.24"
"$256,000","$16,727.26","$13,470.38","$12,004.31","$11,237.19"
"$256,500","$16,759.93","$13,496.68","$12,027.76","$11,259.13"
"$257,000","$16,792.60","$13,522.99","$12,051.21","$11,281.08"
"$257,500","$16,825.27","$13,549.30","$12,074.65","$11,303.03"
"$258,000","$16,857.94","$13,575.61","$12,098.10","$11,324.98"
"$258,500","$16,890.61","$13,601.92","$12,121.54","$11,346.92"
"$259,000","$16,923.28","$13,628.23","$12,144.99","$11,368.87"
"$259,500","$16,955.95","$13,654.54","$12,168.44","$11,390.82"
"$260,000","$16,988.62","$13,680.85","$12,191.88","$11,412.77"
"$260,500","$17,021.29","$13,707.16","$12,215.33","$11,434.71"
"$261,000","$17,053.96","$13,733.47","$12,238.77","$11,456.66"
"$261,500","$17,086.63","$13,759.78","$12,262.22","$11,478.61"
"$262,000","$17,119.30","$13,786.09","$12,285.67","$11,500.56"
"$262,500","$17,151.97","$13,812.40","$12,309.11","$11,522.51"
"$263,000","$17,184.64","$13,838.71","$12,332.56","$11,544.45"
"$263,500","$17,217.31","$13,865.02","$12,356.00","$11,566.40"
"$264,000","$17,249.98","$13,891.32","$12,379.45","$11,588.35"
"$264,500","$17,282.65","$13,917.63","$12,402.89","$11,610.30"
"$265,000","$17,315.32","$13,943.94","$12,426.34","$11,632.24"
"$265,500","$17,347.99","$13,970.25","$12,449.79","$11,654.19"
"$266,000","$17,380.67","$13,996.56","$12,473.23","$11,676.14"
"$266,500","$17,413.34","$14,022.87","$12,496.68","$11,698.09"
"$267,000","$17,446.01","$14,049.18","$12,520.12","$11,720.03"
"$267,500","$17,478.68","$14,075.49","$12,543.57","$11,741.98"
"$268,000","$17,511.35","$14,101.80","$12,567.02","$11,763.93"
"$268,500","$17,544.02","$14,128.11","$12,590.46","$11,785.88"
"$269,000","$17,576.69","$14,154.42","$12,613.91","$11,807.82"
"$269,500","$17,609.36","$14,180.73","$12,637.35","$11,829.77"
"$270,000","$17,642.03","$14,207.04","$12,660.80","$11,851.72"
"$270,500","$17,674.70","$14,233.35","$12,684.25","$11,873.67"
"$271,000","$17,707.37","$14,259.66","$12,707.69","$11,895.62"
"$271,500","$17,740.04","$14,285.96","$12,731.14","$11,917.56"
"$272,000","$17,772.71","$14,312.27","$12,754.58","$11,939.51"
"$272,500","$17,805.38","$14,338.58","$12,778.03","$11,961.46"
"$273,000","$17,838.05","$14,364.89","$12,801.48","$11,983.41"
"$273,500","$17,870.72","$14,391.20","$12,824.92","$12,005.35"
"$274,000","$17,903.39","$14,417.51","$12,848.37","$12,027.30"
"$274,500","$17,936.06","$14,443.82","$12,871.81","$12,049.25"
"$275,000","$17,968.73","$14,470.13","$12,895.26","$12,071.20"
"$275,500","$18,001.40","$14,496.44","$12,918.71","$12,093.14"
"$276,000","$18,034.07","$14,522.75","$12,942.15","$12,115.09"
"$276,500","$18,066.74","$14,549.06","$12,965.60","$12,137.04"
"$277,000","$18,099.41","$14,575.37","$12,989.04","$12,158.99"
"$277,500","$18,132.08","$14,601.68","$13,012.49","$12,180.93"
"$278,000","$18,164.76","$14,627.99","$13,035.93","$12,202.88"
"$278,500","$18,197.43","$14,654.30","$13,059.38","$12,224.83"
"$279,000","$18,230.10","$14,680.60","$13,082.83","$12,246.78"
"$279,500","$18,262.77","$14,706.91","$13,106.27","$12,268.72"
"$280,000","$18,295.44","$14,733.22","$13,129.72","$12,290.67"
"$280,500","$18,328.11","$14,759.53","$13,153.16","$12,312.62"
"$281,000","$18,360.78","$14,785.84","$13,176.61","$12,334.57"
"$281,500","$18,393.45","$14,812.15","$13,200.06","$12,356.52"
"$282,000","$18,426.12","$14,838.46","$13,223.50","$12,378.46"
"$282,500","$18,458.79","$14,864.77","$13,246.95","$12,400.41"
"$283,000","$18,491.46","$14,891.08","$13,270.39","$12,422.36"
"$283,500","$18,524.13","$14,917.39","$13,293.84","$12,444.31"
"$284,000","$18,556.80","$14,943.70","$13,317.29","$12,466.25"
"$284,500","$18,589.47","$14,970.01","$13,340.73","$12,488.20"
"$285,000","$18,622.14","$14,996.32","$13,364.18","$12,510.15"
"$285,500","$18,654.81","$15,022.63","$13,387.62","$12,532.10"
"$286,000","$18,687.48","$15,048.94","$13,411.07","$12,554.04"
"$286,500","$18,720.15","$15,075.24","$13,434.52","$12,575.99"
"$287,000","$18,752.82","$15,101.55","$13,457.96","$12,597.94"
"$287,500","$18,785.49","$15,127.86","$13,481.41","$12,619.89"
"$288,000","$18,818.16","$15,154.17","$13,504.85","$12,641.83"
"$288,500","$18,850.83","$15,180.48","$13,528.30","$12,663.78"
"$289,000","$18,883.50","$15,206.79","$13,551.75","$12,685.73"
"$289,500","$18,916.17","$15,233.10","$13,575.19","$12,707.68"
"$290,000","$18,948.85","$15,259.41","$13,598.64","$12,729.63"
"$290,500","$18,981.52","$15,285.72","$13,622.08","$12,751.57"
"$291,000","$19,014.19","$15,312.03","$13,645.53","$12,773.52"
"$291,500","$19,046.86","$15,338.34","$13,668.97","$12,795.47"
"$292,000","$19,079.53","$15,364.65","$13,692.42","$12,817.42"
"$292,500","$19,112.20","$15,390.96","$13,715.87","$12,839.36"
"$293,000","$19,144.87","$15,417.27","$13,739.31","$12,861.31"
"$293,500","$19,177.54","$15,443.58","$13,762.76","$12,883.26"
"$294,000","$19,210.21","$15,469.88","$13,786.20","$12,905.21"
"$294,500","$19,242.88","$15,496.19","$13,809.65","$12,927.15"
"$295,000","$19,275.55","$15,522.50","$13,833.10","$12,949.10"
"$295,500","$19,308.22","$15,548.81","$13,856.54","$12,971.05"
"$296,000","$19,340.89","$15,575.12","$13,879.99","$12,993.00"
"$296,500","$19,373.56","$15,601.43","$13,903.43","$13,014.94"
"$297,000","$19,406.23","$15,627.74","$13,926.88","$13,036.89"
"$297,500","$19,438.90","$15,654.05","$13,950.33","$13,058.84"
"$298,000","$19,471.57","$15,680.36","$13,973.77","$13,080.79"
"$298,500","$19,504.24","$15,706.67","$13,997.22","$13,102.73"
"$299,000","$19,536.91","$15,732.98","$14,020.66","$13,124.68"
"$299,500","$19,569.58","$15,759.29","$14,044.11","$13,146.63"
"$300,000","$19,602.25","$15,785.60","$14,067.56","$13,168.58"
"$300,500","$19,634.92","$15,811.91","$14,091.00","$13,190.53"
"$301,000","$19,667.59","$15,838.21","$14,114.45","$13,212.47"
"$301,500","$19,700.27","$15,864.52","$14,137.89","$13,234.42"
"$302,000","$19,732.94","$15,890.83","$14,161.34","$13,256.37"
"$302,500","$19,765.61","$15,917.14","$14,184.79","$13,278.32"
"$303,000","$19,798.28","$15,943.45","$14,208.23","$13,300.26"
"$303,500","$19,830.95","$15,969.76","$14,231.68","$13,322.21"
"$304,000","$19,863.62","$15,996.07","$14,255.12","$13,344.16"
"$304,500","$19,896.29","$16,022.38","$14,278.57","$13,366.11"
"$305,000","$19,928.96","$16,048.69","$14,302.01","$13,388.05"
"$305,500","$19,961.63","$16,075.00","$14,325.46","$13,410.00"
"$306,000","$19,994.30","$16,101.31","$14,348.91","$13,431.95"
"$306,500","$20,026.97","$16,127.62","$14,372.35","$13,453.90"
"$307,000","$20,059.64","$16,153.93","$14,395.80","$13,475.84"
"$307,500","$20,092.31","$16,180.24","$14,419.24","$13,497.79"
"$308,000","$20,124.98","$16,206.55","$14,442.69","$13,519.74"
"$308,500","$20,157.65","$16,232.85","$14,466.14","$13,541.69"
"$309,000","$20,190.32","$16,259.16","$14,489.58","$13,563.64"
"$309,500","$20,222.99","$16,285.47","$14,513.03","$13,585.58"
"$310,000","$20,255.66","$16,311.78","$14,536.47","$13,607.53"
"$310,500","$20,288.33","$16,338.09","$14,559.92","$13,629.48"
"$311,000","$20,321.00","$16,364.40","$14,583.37","$13,651.43"
"$311,500","$20,353.67","$16,390.71","$14,606.81","$13,673.37"
"$312,000","$20,386.34","$16,417.02","$14,630.26","$13,695.32"
"$312,500","$20,419.01","$16,443.33","$14,653.70","$13,717.27"
"$313,000","$20,451.68","$16,469.64","$14,677.15","$13,739.22"
"$313,500","$20,484.36","$16,495.95","$14,700.60","$13,761.16"
"$314,000","$20,517.03","$16,522.26","$14,724.04","$13,783.11"
"$314,500","$20,549.70","$16,548.57","$14,747.49","$13,805.06"
"$315,000","$20,582.37","$16,574.88","$14,770.93","$13,827.01"
"$315,500","$20,615.04","$16,601.19","$14,794.38","$13,848.95"
"$316,000","$20,647.71","$16,627.49","$14,817.83","$13,870.90"
"$316,500","$20,680.38","$16,653.80","$14,841.27","$13,892.85"
"$317,000","$20,713.05","$16,680.11","$14,864.72","$13,914.80"
"$317,500","$20,745.72","$16,706.42","$14,888.16","$13,936.74"
"$318,000","$20,778.39","$16,732.73","$14,911.61","$13,958.69"
"$318,500","$20,811.06","$16,759.04","$14,935.05","$13,980.64"
"$319,000","$20,843.73","$16,785.35","$14,958.50","$14,002.59"
"$319,500","$20,876.40","$16,811.66","$14,981.95","$14,024.54"
"$320,000","$20,909.07","$16,837.97","$15,005.39","$14,046.48"
"$320,500","$20,941.74","$16,864.28","$15,028.84","$14,068.43"
"$321,000","$20,974.41","$16,890.59","$15,052.28","$14,090.38"
"$321,500","$21,007.08","$16,916.90","$15,075.73","$14,112.33"
"$322,000","$21,039.75","$16,943.21","$15,099.18","$14,134.27"
"$322,500","$21,072.42","$16,969.52","$15,122.62","$14,156.22"
"$323,000","$21,105.09","$16,995.83","$15,146.07","$14,178.17"
"$323,500","$21,137.76","$17,022.13","$15,169.51","$14,200.12"
"$324,000","$21,170.43","$17,048.44","$15,192.96","$14,222.06"
"$324,500","$21,203.10","$17,074.75","$15,216.41","$14,244.01"
"$325,000","$21,235.77","$17,101.06","$15,239.85","$14,265.96"
"$325,500","$21,268.45","$17,127.37","$15,263.30","$14,287.91"
"$326,000","$21,301.12","$17,153.68","$15,286.74","$14,309.85"
"$326,500","$21,333.79","$17,179.99","$15,310.19","$14,331.80"
"$327,000","$21,366.46","$17,206.30","$15,333.64","$14,353.75"
"$327,500","$21,399.13","$17,232.61","$15,357.08","$14,375.70"
"$328,000","$21,431.80","$17,258.92","$15,380.53","$14,397.64"
"$328,500","$21,464.47","$17,285.23","$15,403.97","$14,419.59"
"$329,000","$21,497.14","$17,311.54","$15,427.42","$14,441.54"
"$329,500","$21,529.81","$17,337.85","$15,450.87","$14,463.49"
"$330,000","$21,562.48","$17,364.16","$15,474.31","$14,485.44"
"$330,500","$21,595.15","$17,390.47","$15,497.76","$14,507.38"
"$331,000","$21,627.82","$17,416.77","$15,521.20","$14,529.33"
"$331,500","$21,660.49","$17,443.08","$15,544.65","$14,551.28"
"$332,000","$21,693.16","$17,469.39","$15,568.09","$14,573.23"
"$332,500","$21,725.83","$17,495.70","$15,591.54","$14,595.17"
"$333,000","$21,758.50","$17,522.01","$15,614.99","$14,617.12"
"$333,500","$21,791.17","$17,548.32","$15,638.43","$14,639.07"
"$334,000","$21,823.84","$17,574.63","$15,661.88","$14,661.02"
"$334,500","$21,856.51","$17,600.94","$15,685.32","$14,682.96"
"$335,000","$21,889.18","$17,627.25","$15,708.77","$14,704.91"
"$335,500","$21,921.85","$17,653.56","$15,732.22","$14,726.86"
"$336,000","$21,954.52","$17,679.87","$15,755.66","$14,748.81"
"$336,500","$21,987.19","$17,706.18","$15,779.11","$14,770.75"
"$337,000","$22,019.87","$17,732.49","$15,802.55","$14,792.70"
"$337,500","$22,052.54","$17,758.80","$15,826.00","$14,814.65"
"$338,000","$22,085.21","$17,785.11","$15,849.45","$14,836.60"
"$338,500","$22,117.88","$17,811.41","$15,872.89","$14,858.55"
"$339,000","$22,150.55","$17,837.72","$15,896.34","$14,880.49"
"$339,500","$22,183.22","$17,864.03","$15,919.78","$14,902.44"
"$340,000","$22,215.89","$17,890.34","$15,943.23","$14,924.39"
"$340,500","$22,248.56","$17,916.65","$15,966.68","$14,946.34"
"$341,000","$22,281.23","$17,942.96","$15,990.12","$14,968.28"
"$341,500","$22,313.90","$17,969.27","$16,013.57","$14,990.23"
"$342,000","$22,346.57","$17,995.58","$16,037.01","$15,012.18"
"$342,500","$22,379.24","$18,021.89","$16,060.46","$15,034.13"
"$343,000","$22,411.91","$18,048.20","$16,083.91","$15,056.07"
"$343,500","$22,444.58","$18,074.51","$16,107.35","$15,078.02"
"$344,000","$22,477.25","$18,100.82","$16,130.80","$15,099.97"
"$344,500","$22,509.92","$18,127.13","$16,154.24","$15,121.92"
"$345,000","$22,542.59","$18,153.44","$16,177.69","$15,143.86"
"$345,500","$22,575.26","$18,179.75","$16,201.13","$15,165.81"
"$346,000","$22,607.93","$18,206.05","$16,224.58","$15,187.76"
"$346,500","$22,640.60","$18,232.36","$16,248.03","$15,209.71"
"$347,000","$22,673.27","$18,258.67","$16,271.47","$15,231.65"
"$347,500","$22,705.94","$18,284.98","$16,294.92","$15,253.60"
"$348,000","$22,738.61","$18,311.29","$16,318.36","$15,275.55"
"$348,500","$22,771.28","$18,337.60","$16,341.81","$15,297.50"
"$349,000","$22,803.96","$18,363.91","$16,365.26","$15,319.45"
"$349,500","$22,836.63","$18,390.22","$16,388.70","$15,341.39"
"$350,000","$22,869.30","$18,416.53","$16,412.15","$15,363.34"
"$350,500","$22,901.97","$18,442.84","$16,435.59","$15,385.29"
"$351,000","$22,934.64","$18,469.15","$16,459.04","$15,407.24"
"$351,500","$22,967.31","$18,495.46","$16,482.49","$15,429.18"
"$352,000","$22,999.98","$18,521.77","$16,505.93","$15,451.13"
"$352,500","$23,032.65","$18,548.08","$16,529.38","$15,473.08"
"$353,000","$23,065.32","$18,574.39","$16,552.82","$15,495.03"
"$353,500","$23,097.99","$18,600.69","$16,576.27","$15,516.97"
"$354,000","$23,130.66","$18,627.00","$16,599.72","$15,538.92"
"$354,500","$23,163.33","$18,653.31","$16,623.16","$15,560.87"
"$355,000","$23,196.00","$18,679.62","$16,646.61","$15,582.82"
"$355,500","$23,228.67","$18,705.93","$16,670.05","$15,604.76"
"$356,000","$23,261.34","$18,732.24","$16,693.50","$15,626.71"
"$356,500","$23,294.01","$18,758.55","$16,716.95","$15,648.66"
"$357,000","$23,326.68","$18,784.86","$16,740.39","$15,670.61"
"$357,500","$23,359.35","$18,811.17","$16,763.84","$15,692.56"
"$358,000","$23,392.02","$18,837.48","$16,787.28","$15,714.50"
"$358,500","$23,424.69","$18,863.79","$16,810.73","$15,736.45"
"$359,000","$23,457.36","$18,890.10","$16,834.17","$15,758.40"
"$359,500","$23,490.03","$18,916.41","$16,857.62","$15,780.35"
"$360,000","$23,522.70","$18,942.72","$16,881.07","$15,802.29"
"$360,500","$23,555.37","$18,969.02","$16,904.51","$15,824.24"
"$361,000","$23,588.05","$18,995.33","$16,927.96","$15,846.19"
"$361,500","$23,620.72","$19,021.64","$16,951.40","$15,868.14"
"$362,000","$23,653.39","$19,047.95","$16,974.85","$15,890.08"
"$362,500","$23,686.06","$19,074.26","$16,998.30","$15,912.03"
"$363,000","$23,718.73","$19,100.57","$17,021.74","$15,933.98"
"$363,500","$23,751.40","$19,126.88","$17,045.19","$15,955.93"
"$364,000","$23,784.07","$19,153.19","$17,068.63","$15,977.87"
"$364,500","$23,816.74","$19,179.50","$17,092.08","$15,999.82"
"$365,000","$23,849.41","$19,205.81","$17,115.53","$16,021.77"
"$365,500","$23,882.08","$19,232.12","$17,138.97","$16,043.72"
"$366,000","$23,914.75","$19,258.43","$17,162.42","$16,065.66"
"$366,500","$23,947.42","$19,284.74","$17,185.86","$16,087.61"
"$367,000","$23,980.09","$19,311.05","$17,209.31","$16,109.56"
"$367,500","$24,012.76","$19,337.36","$17,232.76","$16,131.51"
"$368,000","$24,045.43","$19,363.66","$17,256.20","$16,153.46"
"$368,500","$24,078.10","$19,389.97","$17,279.65","$16,175.40"
"$369,000","$24,110.77","$19,416.28","$17,303.09","$16,197.35"
"$369,500","$24,143.44","$19,442.59","$17,326.54","$16,219.30"
"$370,000","$24,176.11","$19,468.90","$17,349.99","$16,241.25"
"$370,500","$24,208.78","$19,495.21","$17,373.43","$16,263.19"
"$371,000","$24,241.45","$19,521.52","$17,396.88","$16,285.14"
"$371,500","$24,274.12","$19,547.83","$17,420.32","$16,307.09"
"$372,000","$24,306.79","$19,574.14","$17,443.77","$16,329.04"
"$372,500","$24,339.47","$19,600.45","$17,467.21","$16,350.98"
"$373,000","$24,372.14","$19,626.76","$17,490.66","$16,372.93"
"$373,500","$24,404.81","$19,653.07","$17,514.11","$16,394.88"
"$374,000","$24,437.48","$19,679.38","$17,537.55","$16,416.83"
"$374,500","$24,470.15","$19,705.69","$17,561.00","$16,438.77"
"$375,000","$24,502.82","$19,732.00","$17,584.44","$16,460.72"
"$375,500","$24,535.49","$19,758.30","$17,607.89","$16,482.67"
"$376,000","$24,568.16","$19,784.61","$17,631.34","$16,504.62"
"$376,500","$24,600.83","$19,810.92","$17,654.78","$16,526.57"
"$377,000","$24,633.50","$19,837.23","$17,678.23","$16,548.51"
"$377,500","$24,666.17","$19,863.54","$17,701.67","$16,570.46"
"$378,000","$24,698.84","$19,889.85","$17,725.12","$16,592.41"
"$378,500","$24,731.51","$19,916.16","$17,748.57","$16,614.36"
"$379,000","$24,764.18","$19,942.47","$17,772.01","$16,636.30"
"$379,500","$24,796.85","$19,968.78","$17,795.46","$16,658.25"
"$380,000","$24,829.52","$19,995.09","$17,818.90","$16,680.20"
"$380,500","$24,862.19","$20,021.40","$17,842.35","$16,702.15"
"$381,000","$24,894.86","$20,047.71","$17,865.80","$16,724.09"
"$381,500","$24,927.53","$20,074.02","$17,889.24","$16,746.04"
"$382,000","$24,960.20","$20,100.33","$17,912.69","$16,767.99"
"$382,500","$24,992.87","$20,126.64","$17,936.13","$16,789.94"
"$383,000","$25,025.54","$20,152.94","$17,959.58","$16,811.88"
"$383,500","$25,058.21","$20,179.25","$17,983.03","$16,833.83"
"$384,000","$25,090.88","$20,205.56","$18,006.47","$16,855.78"
"$384,500","$25,123.56","$20,231.87","$18,029.92","$16,877.73"
"$385,000","$25,156.23","$20,258.18","$18,053.36","$16,899.67"
"$385,500","$25,188.90","$20,284.49","$18,076.81","$16,921.62"
"$386,000","$25,221.57","$20,310.80","$18,100.25","$16,943.57"
"$386,500","$25,254.24","$20,337.11","$18,123.70","$16,965.52"
"$387,000","$25,286.91","$20,363.42","$18,147.15","$16,987.47"
"$387,500","$25,319.58","$20,389.73","$18,170.59","$17,009.41"
"$388,000","$25,352.25","$20,416.04","$18,194.04","$17,031.36"
"$388,500","$25,384.92","$20,442.35","$18,217.48","$17,053.31"
"$389,000","$25,417.59","$20,468.66","$18,240.93","$17,075.26"
"$389,500","$25,450.26","$20,494.97","$18,264.38","$17,097.20"
"$390,000","$25,482.93","$20,521.28","$18,287.82","$17,119.15"
"$390,500","$25,515.60","$20,547.58","$18,311.27","$17,141.10"
"$391,000","$25,548.27","$20,573.89","$18,334.71","$17,163.05"
"$391,500","$25,580.94","$20,600.20","$18,358.16","$17,184.99"
"$392,000","$25,613.61","$20,626.51","$18,381.61","$17,206.94"
"$392,500","$25,646.28","$20,652.82","$18,405.05","$17,228.89"
"$393,000","$25,678.95","$20,679.13","$18,428.50","$17,250.84"
"$393,500","$25,711.62","$20,705.44","$18,451.94","$17,272.78"
"$394,000","$25,744.29","$20,731.75","$18,475.39","$17,294.73"
"$394,500","$25,776.96","$20,758.06","$18,498.84","$17,316.68"
"$395,000","$25,809.63","$20,784.37","$18,522.28","$17,338.63"
"$395,500","$25,842.30","$20,810.68","$18,545.73","$17,360.57"
"$396,000","$25,874.97","$20,836.99","$18,569.17","$17,382.52"
"$396,500","$25,907.65","$20,863.30","$18,592.62","$17,404.47"
"$397,000","$25,940.32","$20,889.61","$18,616.07","$17,426.42"
"$397,500","$25,972.99","$20,915.92","$18,639.51","$17,448.37"
"$398,000","$26,005.66","$20,942.22","$18,662.96","$17,470.31"
"$398,500","$26,038.33","$20,968.53","$18,686.40","$17,492.26"
"$399,000","$26,071.00","$20,994.84","$18,709.85","$17,514.21"
"$399,500","$26,103.67","$21,021.15","$18,733.29","$17,536.16"
"$400,000","$26,136.34","$21,047.46","$18,756.74","$17,558.10"
"$400,500","$26,169.01","$21,073.77","$18,780.19","$17,580.05"
"$401,000","$26,201.68","$21,100.08","$18,803.63","$17,602.00"
"$401,500","$26,234.35","$21,126.39","$18,827.08","$17,623.95"
"$402,000","$26,267.02","$21,152.70","$18,850.52","$17,645.89"
"$402,500","$26,299.69","$21,179.01","$18,873.97","$17,667.84"
"$403,000","$26,332.36","$21,205.32","$18,897.42","$17,689.79"
"$403,500","$26,365.03","$21,231.63","$18,920.86","$17,711.74"
"$404,000","$26,397.70","$21,257.94","$18,944.31","$17,733.68"
"$404,500","$26,430.37","$21,284.25","$18,967.75","$17,755.63"
"$405,000","$26,463.04","$21,310.56","$18,991.20","$17,777.58"
"$405,500","$26,495.71","$21,336.86","$19,014.65","$17,799.53"
"$406,000","$26,528.38","$21,363.17","$19,038.09","$17,821.48"
"$406,500","$26,561.05","$21,389.48","$19,061.54","$17,843.42"
"$407,000","$26,593.72","$21,415.79","$19,084.98","$17,865.37"
"$407,500","$26,626.39","$21,442.10","$19,108.43","$17,887.32"
"$408,000","$26,659.07","$21,468.41","$19,131.88","$17,909.27"
"$408,500","$26,691.74","$21,494.72","$19,155.32","$17,931.21"
"$409,000","$26,724.41","$21,521.03","$19,178.77","$17,953.16"
"$409,500","$26,757.08","$21,547.34","$19,202.21","$17,975.11"
"$410,000","$26,789.75","$21,573.65","$19,225.66","$17,997.06"
"$410,500","$26,822.42","$21,599.96","$19,249.11","$18,019.00"
"$411,000","$26,855.09","$21,626.27","$19,272.55","$18,040.95"
"$411,500","$26,887.76","$21,652.58","$19,296.00","$18,062.90"
"$412,000","$26,920.43","$21,678.89","$19,319.44","$18,084.85"
"$412,500","$26,953.10","$21,705.19","$19,342.89","$18,106.79"
"$413,000","$26,985.77","$21,731.50","$19,366.33","$18,128.74"
"$413,500","$27,018.44","$21,757.81","$19,389.78","$18,150.69"
"$414,000","$27,051.11","$21,784.12","$19,413.23","$18,172.64"
"$414,500","$27,083.78","$21,810.43","$19,436.67","$18,194.58"
"$415,000","$27,116.45","$21,836.74","$19,460.12","$18,216.53"
"$415,500","$27,149.12","$21,863.05","$19,483.56","$18,238.48"
"$416,000","$27,181.79","$21,889.36","$19,507.01","$18,260.43"
"$416,500","$27,214.46","$21,915.67","$19,530.46","$18,282.38"
"$417,000","$27,247.13","$21,941.98","$19,553.90","$18,304.32"
"$417,500","$27,279.80","$21,968.29","$19,577.35","$18,326.27"
"$418,000","$27,312.47","$21,994.60","$19,600.79","$18,348.22"
"$418,500","$27,345.14","$22,020.91","$19,624.24","$18,370.17"
"$419,000","$27,377.81","$22,047.22","$19,647.69","$18,392.11"
"$419,500","$27,410.48","$22,073.53","$19,671.13","$18,414.06"
"$420,000","$27,443.16","$22,099.83","$19,694.58","$18,436.01"
"$420,500","$27,475.83","$22,126.14","$19,718.02","$18,457.96"
"$421,000","$27,508.50","$22,152.45","$19,741.47","$18,479.90"
"$421,500","$27,541.17","$22,178.76","$19,764.92","$18,501.85"
"$422,000","$27,573.84","$22,205.07","$19,788.36","$18,523.80"
"$422,500","$27,606.51","$22,231.38","$19,811.81","$18,545.75"
"$423,000","$27,639.18","$22,257.69","$19,835.25","$18,567.69"
"$423,500","$27,671.85","$22,284.00","$19,858.70","$18,589.64"
"$424,000","$27,704.52","$22,310.31","$19,882.15","$18,611.59"
"$424,500","$27,737.19","$22,336.62","$19,905.59","$18,633.54"
"$425,000","$27,769.86","$22,362.93","$19,929.04","$18,655.49"
"$425,500","$27,802.53","$22,389.24","$19,952.48","$18,677.43"
"$426,000","$27,835.20","$22,415.55","$19,975.93","$18,699.38"
"$426,500","$27,867.87","$22,441.86","$19,999.37","$18,721.33"
"$427,000","$27,900.54","$22,468.17","$20,022.82","$18,743.28"
"$427,500","$27,933.21","$22,494.47","$20,046.27","$18,765.22"
"$428,000","$27,965.88","$22,520.78","$20,069.71","$18,787.17"
"$428,500","$27,998.55","$22,547.09","$20,093.16","$18,809.12"
"$429,000","$28,031.22","$22,573.40","$20,116.60","$18,831.07"
"$429,500","$28,063.89","$22,599.71","$20,140.05","$18,853.01"
"$430,000","$28,096.56","$22,626.02","$20,163.50","$18,874.96"
"$430,500","$28,129.23","$22,652.33","$20,186.94","$18,896.91"
"$431,000","$28,161.90","$22,678.64","$20,210.39","$18,918.86"
"$431,500","$28,194.58","$22,704.95","$20,233.83","$18,940.80"
"$432,000","$28,227.25","$22,731.26","$20,257.28","$18,962.75"
"$432,500","$28,259.92","$22,757.57","$20,280.73","$18,984.70"
"$433,000","$28,292.59","$22,783.88","$20,304.17","$19,006.65"
"$433,500","$28,325.26","$22,810.19","$20,327.62","$19,028.59"
"$434,000","$28,357.93","$22,836.50","$20,351.06","$19,050.54"
"$434,500","$28,390.60","$22,862.81","$20,374.51","$19,072.49"
"$435,000","$28,423.27","$22,889.11","$20,397.96","$19,094.44"
"$435,500","$28,455.94","$22,915.42","$20,421.40","$19,116.39"
"$436,000","$28,488.61","$22,941.73","$20,444.85","$19,138.33"
"$436,500","$28,521.28","$22,968.04","$20,468.29","$19,160.28"
"$437,000","$28,553.95","$22,994.35","$20,491.74","$19,182.23"
"$437,500","$28,586.62","$23,020.66","$20,515.19","$19,204.18"
"$438,000","$28,619.29","$23,046.97","$20,538.63","$19,226.12"
"$438,500","$28,651.96","$23,073.28","$20,562.08","$19,248.07"
"$439,000","$28,684.63","$23,099.59","$20,585.52","$19,270.02"
"$439,500","$28,717.30","$23,125.90","$20,608.97","$19,291.97"
"$440,000","$28,749.97","$23,152.21","$20,632.41","$19,313.91"
"$440,500","$28,782.64","$23,178.52","$20,655.86","$19,335.86"
"$441,000","$28,815.31","$23,204.83","$20,679.31","$19,357.81"
"$441,500","$28,847.98","$23,231.14","$20,702.75","$19,379.76"
"$442,000","$28,880.65","$23,257.45","$20,726.20","$19,401.70"
"$442,500","$28,913.32","$23,283.75","$20,749.64","$19,423.65"
"$443,000","$28,945.99","$23,310.06","$20,773.09","$19,445.60"
"$443,500","$28,978.67","$23,336.37","$20,796.54","$19,467.55"
"$444,000","$29,011.34","$23,362.68","$20,819.98","$19,489.50"
"$444,500","$29,044.01","$23,388.99","$20,843.43","$19,511.44"
"$445,000","$29,076.68","$23,415.30","$20,866.87","$19,533.39"
"$445,500","$29,109.35","$23,441.61","$20,890.32","$19,555.34"
"$446,000","$29,142.02","$23,467.92","$20,913.77","$19,577.29"
"$446,500","$29,174.69","$23,494.23","$20,937.21","$19,599.23"
"$447,000","$29,207.36","$23,520.54","$20,960.66","$19,621.18"
"$447,500","$29,240.03","$23,546.85","$20,984.10","$19,643.13"
"$448,000","$29,272.70","$23,573.16","$21,007.55","$19,665.08"
"$448,500","$29,305.37","$23,599.47","$21,031.00","$19,687.02"
"$449,000","$29,338.04","$23,625.78","$21,054.44","$19,708.97"
"$449,500","$29,370.71","$23,652.09","$21,077.89","$19,730.92"
"$450,000","$29,403.38","$23,678.39","$21,101.33","$19,752.87"
"$450,500","$29,436.05","$23,704.70","$21,124.78","$19,774.81"
"$451,000","$29,468.72","$23,731.01","$21,148.23","$19,796.76"
"$451,500","$29,501.39","$23,757.32","$21,171.67","$19,818.71"
"$452,000","$29,534.06","$23,783.63","$21,195.12","$19,840.66"
"$452,500","$29,566.73","$23,809.94","$21,218.56","$19,862.60"
"$453,000","$29,599.40","$23,836.25","$21,242.01","$19,884.55"
"$453,500","$29,632.07","$23,862.56","$21,265.45","$19,906.50"
"$454,000","$29,664.74","$23,888.87","$21,288.90","$19,928.45"
"$454,500","$29,697.41","$23,915.18","$21,312.35","$19,950.40"
"$455,000","$29,730.08","$23,941.49","$21,335.79","$19,972.34"
"$455,500","$29,762.76","$23,967.80","$21,359.24","$19,994.29"
"$456,000","$29,795.43","$23,994.11","$21,382.68","$20,016.24"
"$456,500","$29,828.10","$24,020.42","$21,406.13","$20,038.19"
"$457,000","$29,860.77","$24,046.73","$21,429.58","$20,060.13"
"$457,500","$29,893.44","$24,073.03","$21,453.02","$20,082.08"
"$458,000","$29,926.11","$24,099.34","$21,476.47","$20,104.03"
"$458,500","$29,958.78","$24,125.65","$21,499.91","$20,125.98"
"$459,000","$29,991.45","$24,151.96","$21,523.36","$20,147.92"
"$459,500","$30,024.12","$24,178.27","$21,546.81","$20,169.87"
"$460,000","$30,056.79","$24,204.58","$21,570.25","$20,191.82"
"$460,500","$30,089.46","$24,230.89","$21,593.70","$20,213.77"
"$461,000","$30,122.13","$24,257.20","$21,617.14","$20,235.71"
"$461,500","$30,154.80","$24,283.51","$21,640.59","$20,257.66"
"$462,000","$30,187.47","$24,309.82","$21,664.04","$20,279.61"
"$462,500","$30,220.14","$24,336.13","$21,687.48","$20,301.56"
"$463,000","$30,252.81","$24,362.44","$21,710.93","$20,323.50"
"$463,500","$30,285.48","$24,388.75","$21,734.37","$20,345.45"
"$464,000","$30,318.15","$24,415.06","$21,757.82","$20,367.40"
"$464,500","$30,350.82","$24,441.37","$21,781.27","$20,389.35"
"$465,000","$30,383.49","$24,467.67","$21,804.71","$20,411.30"
"$465,500","$30,416.16","$24,493.98","$21,828.16","$20,433.24"
"$466,000","$30,448.83","$24,520.29","$21,851.60","$20,455.19"
"$466,500","$30,481.50","$24,546.60","$21,875.05","$20,477.14"
"$467,000","$30,514.18","$24,572.91","$21,898.49","$20,499.09"
"$467,500","$30,546.85","$24,599.22","$21,921.94","$20,521.03"
"$468,000","$30,579.52","$24,625.53","$21,945.39","$20,542.98"
"$468,500","$30,612.19","$24,651.84","$21,968.83","$20,564.93"
"$469,000","$30,644.86","$24,678.15","$21,992.28","$20,586.88"
"$469,500","$30,677.53","$24,704.46","$22,015.72","$20,608.82"
"$470,000","$30,710.20","$24,730.77","$22,039.17","$20,630.77"
"$470,500","$30,742.87","$24,757.08","$22,062.62","$20,652.72"
"$471,000","$30,775.54","$24,783.39","$22,086.06","$20,674.67"
"$471,500","$30,808.21","$24,809.70","$22,109.51","$20,696.61"
"$472,000","$30,840.88","$24,836.00","$22,132.95","$20,718.56"
"$472,500","$30,873.55","$24,862.31","$22,156.40","$20,740.51"
"$473,000","$30,906.22","$24,888.62","$22,179.85","$20,762.46"
"$473,500","$30,938.89","$24,914.93","$22,203.29","$20,784.41"
"$474,000","$30,971.56","$24,941.24","$22,226.74","$20,806.35"
"$474,500","$31,004.23","$24,967.55","$22,250.18","$20,828.30"
"$475,000","$31,036.90","$24,993.86","$22,273.63","$20,850.25"
"$475,500","$31,069.57","$25,020.17","$22,297.08","$20,872.20"
"$476,000","$31,102.24","$25,046.48","$22,320.52","$20,894.14"
"$476,500","$31,134.91","$25,072.79","$22,343.97","$20,916.09"
"$477,000","$31,167.58","$25,099.10","$22,367.41","$20,938.04"
"$477,500","$31,200.25","$25,125.41","$22,390.86","$20,959.99"
"$478,000","$31,232.92","$25,151.72","$22,414.31","$20,981.93"
"$478,500","$31,265.59","$25,178.03","$22,437.75","$21,003.88"
"$479,000","$31,298.27","$25,204.34","$22,461.20","$21,025.83"
"$479,500","$31,330.94","$25,230.64","$22,484.64","$21,047.78"
"$480,000","$31,363.61","$25,256.95","$22,508.09","$21,069.72"
"$480,500","$31,396.28","$25,283.26","$22,531.53","$21,091.67"
"$481,000","$31,428.95","$25,309.57","$22,554.98","$21,113.62"
"$481,500","$31,461.62","$25,335.88","$22,578.43","$21,135.57"
"$482,000","$31,494.29","$25,362.19","$22,601.87","$21,157.51"
"$482,500","$31,526.96","$25,388.50","$22,625.32","$21,179.46"
"$483,000","$31,559.63","$25,414.81","$22,648.76","$21,201.41"
"$483,500","$31,592.30","$25,441.12","$22,672.21","$21,223.36"
"$484,000","$31,624.97","$25,467.43","$22,695.66","$21,245.31"
"$484,500","$31,657.64","$25,493.74","$22,719.10","$21,267.25"
"$485,000","$31,690.31","$25,520.05","$22,742.55","$21,289.20"
"$485,500","$31,722.98","$25,546.36","$22,765.99","$21,311.15"
"$486,000","$31,755.65","$25,572.67","$22,789.44","$21,333.10"
"$486,500","$31,788.32","$25,598.98","$22,812.89","$21,355.04"
"$487,000","$31,820.99","$25,625.28","$22,836.33","$21,376.99"
"$487,500","$31,853.66","$25,651.59","$22,859.78","$21,398.94"
"$488,000","$31,886.33","$25,677.90","$22,883.22","$21,420.89"
"$488,500","$31,919.00","$25,704.21","$22,906.67","$21,442.83"
"$489,000","$31,951.67","$25,730.52","$22,930.12","$21,464.78"
"$489,500","$31,984.34","$25,756.83","$22,953.56","$21,486.73"
"$490,000","$32,017.01","$25,783.14","$22,977.01","$21,508.68"
"$490,500","$32,049.68","$25,809.45","$23,000.45","$21,530.62"
"$491,000","$32,082.36","$25,835.76","$23,023.90","$21,552.57"
"$491,500","$32,115.03","$25,862.07","$23,047.35","$21,574.52"
"$492,000","$32,147.70","$25,888.38","$23,070.79","$21,596.47"
"$492,500","$32,180.37","$25,914.69","$23,094.24","$21,618.42"
"$493,000","$32,213.04","$25,941.00","$23,117.68","$21,640.36"
"$493,500","$32,245.71","$25,967.31","$23,141.13","$21,662.31"
"$494,000","$32,278.38","$25,993.62","$23,164.57","$21,684.26"
"$494,500","$32,311.05","$26,019.92","$23,188.02","$21,706.21"
"$495,000","$32,343.72","$26,046.23","$23,211.47","$21,728.15"
"$495,500","$32,376.39","$26,072.54","$23,234.91","$21,750.10"
"$496,000","$32,409.06","$26,098.85","$23,258.36","$21,772.05"
"$496,500","$32,441.73","$26,125.16","$23,281.80","$21,794.00"
"$497,000","$32,474.40","$26,151.47","$23,305.25","$21,815.94"
"$497,500","$32,507.07","$26,177.78","$23,328.70","$21,837.89"
"$498,000","$32,539.74","$26,204.09","$23,352.14","$21,859.84"
"$498,500","$32,572.41","$26,230.40","$23,375.59","$21,881.79"
"$499,000","$32,605.08","$26,256.71","$23,399.03","$21,903.73"
"$499,500","$32,637.75","$26,283.02","$23,422.48","$21,925.68"
"$500,000","$32,670.42","$26,309.33","$23,445.93","$21,947.63"